參賽者編號,參賽者暱稱,週期編號,週期開始日期,週期結束日期,週期步數
W01,藍鯨01,P01,2026/06/08,2026/06/21,109053
W01,藍鯨01,P02,2026/06/22,2026/07/05,111862
W01,藍鯨01,P03,2026/07/06,2026/07/19,111743
W01,藍鯨01,P04,2026/07/20,2026/08/02,109164
W01,藍鯨01,P05,2026/08/03,2026/08/16,105199
W01,藍鯨01,P06,2026/08/17,2026/08/30,101259
W01,藍鯨01,P07,2026/08/31,2026/09/13,98748
W01,藍鯨01,P08,2026/09/14,2026/09/27,98723
W01,藍鯨01,P09,2026/09/28,2026/10/11,101631
W02,藍鯨02,P01,2026/06/08,2026/06/21,115886
W02,藍鯨02,P02,2026/06/22,2026/07/05,116748
W02,藍鯨02,P03,2026/07/06,2026/07/19,115420
W02,藍鯨02,P04,2026/07/20,2026/08/02,113107
W02,藍鯨02,P05,2026/08/03,2026/08/16,111258
W02,藍鯨02,P06,2026/08/17,2026/08/30,111206
W02,藍鯨02,P07,2026/08/31,2026/09/13,113846
W02,藍鯨02,P08,2026/09/14,2026/09/27,119413
W02,藍鯨02,P09,2026/09/28,2026/10/11,127425
W03,藍鯨03,P01,2026/06/08,2026/06/21,117953
W03,藍鯨03,P02,2026/06/22,2026/07/05,117985
W03,藍鯨03,P03,2026/07/06,2026/07/19,117458
W03,藍鯨03,P04,2026/07/20,2026/08/02,117822
W03,藍鯨03,P05,2026/08/03,2026/08/16,120311
W03,藍鯨03,P06,2026/08/17,2026/08/30,125637
W03,藍鯨03,P07,2026/08/31,2026/09/13,133819
W03,藍鯨03,P08,2026/09/14,2026/09/27,144175
W03,藍鯨03,P09,2026/09/28,2026/10/11,155493
W04,藍鯨04,P01,2026/06/08,2026/06/21,116899
W04,藍鯨04,P02,2026/06/22,2026/07/05,118290
W04,藍鯨04,P03,2026/07/06,2026/07/19,120981
W04,藍鯨04,P04,2026/07/20,2026/08/02,126076
W04,藍鯨04,P05,2026/08/03,2026/08/16,134090
W04,藍鯨04,P06,2026/08/17,2026/08/30,144825
W04,藍鯨04,P07,2026/08/31,2026/09/13,157414
W04,藍鯨04,P08,2026/09/14,2026/09/27,170538
W04,藍鯨04,P09,2026/09/28,2026/10/11,182748
W05,藍鯨05,P01,2026/06/08,2026/06/21,106641
W05,藍鯨05,P02,2026/06/22,2026/07/05,102760
W05,藍鯨05,P03,2026/07/06,2026/07/19,101508
W05,藍鯨05,P04,2026/07/20,2026/08/02,103193
W05,藍鯨05,P05,2026/08/03,2026/08/16,107401
W05,藍鯨05,P06,2026/08/17,2026/08/30,113102
W05,藍鯨05,P07,2026/08/31,2026/09/13,118901
W05,藍鯨05,P08,2026/09/14,2026/09/27,123377
W05,藍鯨05,P09,2026/09/28,2026/10/11,125435
W06,藍鯨06,P01,2026/06/08,2026/06/21,108181
W06,藍鯨06,P02,2026/06/22,2026/07/05,109611
W06,藍鯨06,P03,2026/07/06,2026/07/19,113927
W06,藍鯨06,P04,2026/07/20,2026/08/02,120513
W06,藍鯨06,P05,2026/08/03,2026/08/16,128199
W06,藍鯨06,P06,2026/08/17,2026/08/30,135541
W06,藍鯨06,P07,2026/08/31,2026/09/13,141184
W06,藍鯨06,P08,2026/09/14,2026/09/27,144187
W06,藍鯨06,P09,2026/09/28,2026/10/11,144255
W07,藍鯨07,P01,2026/06/08,2026/06/21,114377
W07,藍鯨07,P02,2026/06/22,2026/07/05,121269
W07,藍鯨07,P03,2026/07/06,2026/07/19,130127
W07,藍鯨07,P04,2026/07/20,2026/08/02,0
W07,藍鯨07,P05,2026/08/03,2026/08/16,148426
W07,藍鯨07,P06,2026/08/17,2026/08/30,155150
W07,藍鯨07,P07,2026/08/31,2026/09/13,159070
W07,藍鯨07,P08,2026/09/14,2026/09/27,160109
W07,藍鯨07,P09,2026/09/28,2026/10/11,158893
W08,藍鯨08,P01,2026/06/08,2026/06/21,125192
W08,藍鯨08,P02,2026/06/22,2026/07/05,136203
W08,藍鯨08,P03,2026/07/06,2026/07/19,147458
W08,藍鯨08,P04,2026/07/20,2026/08/02,157524
W08,藍鯨08,P05,2026/08/03,2026/08/16,165258
W08,藍鯨08,P06,2026/08/17,2026/08/30,170089
W08,藍鯨08,P07,2026/08/31,2026/09/13,172156
W08,藍鯨08,P08,2026/09/14,2026/09/27,172275
W08,藍鯨08,P09,2026/09/28,2026/10/11,171739
W09,藍鯨09,P01,2026/06/08,2026/06/21,138701
W09,藍鯨09,P02,2026/06/22,2026/07/05,151543
W09,藍鯨09,P03,2026/07/06,2026/07/19,162808
W09,藍鯨09,P04,2026/07/20,2026/08/02,171500
W09,藍鯨09,P05,2026/08/03,2026/08/16,177254
W09,藍鯨09,P06,2026/08/17,2026/08/30,180424
W09,藍鯨09,P07,2026/08/31,2026/09/13,181996
W09,藍鯨09,P08,2026/09/14,2026/09/27,183350
W09,藍鯨09,P09,2026/09/28,2026/10/11,185915
W10,藍鯨10,P01,2026/06/08,2026/06/21,142884
W10,藍鯨10,P02,2026/06/22,2026/07/05,146256
W10,藍鯨10,P03,2026/07/06,2026/07/19,146872
W10,藍鯨10,P04,2026/07/20,2026/08/02,144582
W10,藍鯨10,P05,2026/08/03,2026/08/16,139945
W10,藍鯨10,P06,2026/08/17,2026/08/30,134098
W10,藍鯨10,P07,2026/08/31,2026/09/13,128472
W10,藍鯨10,P08,2026/09/14,2026/09/27,124444
W10,藍鯨10,P09,2026/09/28,2026/10/11,123000
W11,藍鯨11,P01,2026/06/08,2026/06/21,152851
W11,藍鯨11,P02,2026/06/22,2026/07/05,154378
W11,藍鯨11,P03,2026/07/06,2026/07/19,153095
W11,藍鯨11,P04,2026/07/20,2026/08/02,149756
W11,藍鯨11,P05,2026/08/03,2026/08/16,145620
W11,藍鯨11,P06,2026/08/17,2026/08/30,142140
W11,藍鯨11,P07,2026/08/31,2026/09/13,140609
W11,藍鯨11,P08,2026/09/14,2026/09/27,141843
W11,藍鯨11,P09,2026/09/28,2026/10/11,145979
W12,藍鯨12,P01,2026/06/08,2026/06/21,158026
W12,藍鯨12,P02,2026/06/22,2026/07/05,157819
W12,藍鯨12,P03,2026/07/06,2026/07/19,155893
W12,藍鯨12,P04,2026/07/20,2026/08/02,153602
W12,藍鯨12,P05,2026/08/03,2026/08/16,152388
W12,藍鯨12,P06,2026/08/17,2026/08/30,153429
W12,藍鯨12,P07,2026/08/31,2026/09/13,157352
W12,藍鯨12,P08,2026/09/14,2026/09/27,164078
W12,藍鯨12,P09,2026/09/28,2026/10/11,172841
W13,藍鯨13,P01,2026/06/08,2026/06/21,158786
W13,藍鯨13,P02,2026/06/22,2026/07/05,158397
W13,藍鯨13,P03,2026/07/06,2026/07/19,158083
W13,藍鯨13,P04,2026/07/20,2026/08/02,159242
W13,藍鯨13,P05,2026/08/03,2026/08/16,162912
W13,藍鯨13,P06,2026/08/17,2026/08/30,169518
W13,藍鯨13,P07,2026/08/31,2026/09/13,178763
W13,藍鯨13,P08,2026/09/14,2026/09/27,189707
W13,藍鯨13,P09,2026/09/28,2026/10/11,200991
W14,藍鯨14,P01,2026/06/08,2026/06/21,157308
W14,藍鯨14,P02,2026/06/22,2026/07/05,159099
W14,藍鯨14,P03,2026/07/06,2026/07/19,162727
W14,藍鯨14,P04,2026/07/20,2026/08/02,169065
W14,藍鯨14,P05,2026/08/03,2026/08/16,178326
W14,藍鯨14,P06,2026/08/17,2026/08/30,190004
W14,藍鯨14,P07,2026/08/31,2026/09/13,203003
W14,藍鯨14,P08,2026/09/14,2026/09/27,215904
W14,藍鯨14,P09,2026/09/28,2026/10/11,227310
W15,藍鯨15,P01,2026/06/08,2026/06/21,147684
W15,藍鯨15,P02,2026/06/22,2026/07/05,144860
W15,藍鯨15,P03,2026/07/06,2026/07/19,144886
W15,藍鯨15,P04,2026/07/20,2026/08/02,147756
W15,藍鯨15,P05,2026/08/03,2026/08/16,152767
W15,藍鯨15,P06,2026/08/17,2026/08/30,158691
W15,藍鯨15,P07,2026/08/31,2026/09/13,164079
W15,藍鯨15,P08,2026/09/14,2026/09/27,167612
W15,藍鯨15,P09,2026/09/28,2026/10/11,168424
W16,藍鯨16,P01,2026/06/08,2026/06/21,150655
W16,藍鯨16,P02,2026/06/22,2026/07/05,153368
W16,藍鯨16,P03,2026/07/06,2026/07/19,158782
W16,藍鯨16,P04,2026/07/20,2026/08/02,166013
W16,藍鯨16,P05,2026/08/03,2026/08/16,173730
W16,藍鯨16,P06,2026/08/17,2026/08/30,180485
W16,藍鯨16,P07,2026/08/31,2026/09/13,185064
W16,藍鯨16,P08,2026/09/14,2026/09/27,186788
W16,藍鯨16,P09,2026/09/28,2026/10/11,185675
W17,藍鯨17,P01,2026/06/08,2026/06/21,158498
W17,藍鯨17,P02,2026/06/22,2026/07/05,166375
W17,藍鯨17,P03,2026/07/06,2026/07/19,175704
W17,藍鯨17,P04,2026/07/20,2026/08/02,185080
W17,藍鯨17,P05,2026/08/03,2026/08/16,193090
W17,藍鯨17,P06,2026/08/17,2026/08/30,198654
W17,藍鯨17,P07,2026/08/31,2026/09/13,201292
W17,藍鯨17,P08,2026/09/14,2026/09/27,201238
W17,藍鯨17,P09,2026/09/28,2026/10/11,199388
W18,藍鯨18,P01,2026/06/08,2026/06/21,170501
W18,藍鯨18,P02,2026/06/22,2026/07/05,181799
W18,藍鯨18,P03,2026/07/06,2026/07/19,192705
W18,藍鯨18,P04,2026/07/20,2026/08/02,201871
W18,藍鯨18,P05,2026/08/03,2026/08/16,208376
W18,藍鯨18,P06,2026/08/17,2026/08/30,211949
W18,藍鯨18,P07,2026/08/31,2026/09/13,213037
W18,藍鯨18,P08,2026/09/14,2026/09/27,212696
W18,藍鯨18,P09,2026/09/28,2026/10/11,212331
